{"cameraMode":{"drawMode":0,"name":"Shaded","section":"Shading Mode"},"sceneLighting":true,"audioPlay":false,"sceneViewState":{"showFog":true,"showMaterialUpdate":false,"showSkybox":true,"showFlares":true,"showImageEffects":true,"showParticleSystems":true},"in2DMode":false,"pivot":{"x":624.4390869140625,"y":253.13046264648438,"z":0.0},"rotation":{"x":-0.01499510183930397,"y":0.02399550750851631,"z":0.0003598896146286279,"w":0.9996002912521362},"size":800.6166381835938,"orthographic":false}